<?xml version="1.0" encoding="UTF-8"?>
<!DOCTYPE hibernate-configuration PUBLIC "-//Hibernate/Hibernate Configuration DTD 3.0//EN" "http://hibernate.sourceforge.net/hibernate-configuration-3.0.dtd">
<hibernate-configuration>
  <session-factory>
    <property name="hibernate.dialect">org.hibernate.dialect.MySQLDialect</property>
    <property name="hibernate.connection.driver_class">com.mysql.jdbc.Driver</property>
    <property name="hibernate.connection.url">jdbc:mysql://localhost:3306/se?zeroDateTimeBehavior=convertToNull</property>
    <property name="hibernate.connection.username">root</property>
    <property name="hibernate.connection.password">1374</property>
    <mapping class="se.customs.UsersManagement.pojo.CustomsUser"/>
    <mapping class="se.customs.CustomsUndertaker.pojo.Declaration"/>
    <mapping class="se.customs.CustomsUndertaker.pojo.Product"/>
    <mapping class="se.customs.LicenseManagement.pojo.License"/>
    <mapping class="se.customs.EconomicMinisRepres.pojo.Rule" />
    <mapping class="se.customs.LicenseManagement.pojo.Product2"/>
  </session-factory>
</hibernate-configuration>
